side,page_index,row,col,label_name,last5,resolved_upc,resolved_name,cpp,image_status,image_mean,image_std
A,1,0,0,WMT MC P W Holiday 2026 S Wonder Tree $50 WMT VV P,16890,019674216890,WMT MC P Holiday 2026 Wonder Tree $50,20,IMAGE_PRESENT,150.65,74.21
A,1,0,1,WMT MC P Hol 2026 Striped Tree $20-500 WMT VV P,16888,019674216888,WMT MC P Hol 2026 Striped Tree $20-500,20,IMAGE_PRESENT,151.2,80.89
A,1,0,3,TEXAS ROADHOUS VGC REG TEXAS,10602,019674210602,TEXAS ROADHOUSE VGC MD,30,IMAGE_PRESENT,202.17,82.15
A,1,0,4,TEXAS SE ROADHOUSE $25 REG TEXAS,10603,019674210603,TEXAS ROADHOUSE $25 MD,30,IMAGE_PRESENT,154.38,83.42
A,1,0,5,STARBUCKS E VGC REG STARBUCKS,11230,019674211230,STARBUCKS VGC MD,30,IMAGE_PRESENT,202.38,77.63
A,1,0,6,STARBUCKS $25 REG STARBUCKS,11227,019674211227,STARBUCKS $25 D82 MD,30,IMAGE_PRESENT,231.36,52.32
A,1,0,9,WMT MC P Holiday 2026 Nice Santa $25 WMT VV P,16885,019674216885,WMT MC P Holiday 2026 Nice Santa $25,20,IMAGE_PRESENT,156.02,92.84
A,1,0,10,WMT MC P Holiday 2026 Nice Snowman $50 WMT VV P,16892,019674216892,WMT MC P Holiday 2026 Nice Snowman $50,20,IMAGE_PRESENT,134.62,84.23
A,1,1,0,WMT VV P Hol 2026 Fancy Red $20-500 WMT MC P W,16896,019674216896,WMT VV P Hol 2026 Fancy Red $20-500,20,IMAGE_PRESENT,154.83,69.9
A,1,1,1,WMT VV P Hol 2026 Fancy Gold $20-500 WMT AMEX,16894,019674216894,WMT VV P Hol 2026 Fancy Gold $20-500,20,IMAGE_PRESENT,179.02,65.42
A,1,1,3,TEXAS ROADHOUS VGC REG TEXAS,10602,019674210602,TEXAS ROADHOUSE VGC MD,30,IMAGE_PRESENT,201.36,82.45
A,1,1,4,TEXAS SE ROADHOUSE $50 REG TEXAS,10604,019674210604,TEXAS ROADHOUSE $50 MD,30,IMAGE_PRESENT,154.68,80.82
A,1,1,5,STARBUCKS E VGC REG STARBUCKS,11230,019674211230,STARBUCKS VGC MD,30,IMAGE_PRESENT,203.9,74.3
A,1,1,6,STARBUCKS $25 REG STARBUCKS,11227,019674211227,STARBUCKS $25 D82 MD,30,IMAGE_PRESENT,231.18,52.15
A,1,1,9,WMT VV P Hol 2026 Fancy Gold $20-500 WMT MC P,16894,019674216894,WMT VV P Hol 2026 Fancy Gold $20-500,20,IMAGE_PRESENT,167.12,62.2
A,1,1,10,WMT VV P Hol 2026 Fancy Green $20-500 WMT MC P,16895,019674216895,WMT VV P Hol 2026 Fancy Green $20-500,20,IMAGE_PRESENT,94.62,53.15
A,1,2,0,WMT MC P W Hol 2026 Striped Gift F $20-500,16887,019674216887,WMT MC P Hol 2026 Striped Gift $20-500,20,IMAGE_PRESENT,178.08,79.96
A,1,2,1,WMT AMEX Hol 2026 Fancy White $20-500,16893,019674216893,WMT AMEX Hol 2026 Fancy White $20-500,20,IMAGE_PRESENT,238.23,34.77
A,1,2,3,TEXAS ROADHOUS VGC REG,10602,019674210602,TEXAS ROADHOUSE VGC MD,30,IMAGE_PRESENT,197.21,86.65
A,1,2,4,TEXAS SE ROADHOUSE $100 REG BON,10605,019674210605,TEXAS ROADHOUSE $100 MD,30,IMAGE_PRESENT,167.22,87.19
A,1,2,5,STARBUCKS E $40 MP REG NUS,11237,019674211237,STARBUCKS $40 MP MD,9,IMAGE_PRESENT,205.07,74.32
A,1,2,6,STARBUCKS $50 REG,11228,019674211228,STARBUCKS $50 MD,30,IMAGE_PRESENT,220.63,61.3
A,1,2,9,WMT MC P Hol 2026 Wonder Ornament $100,16889,019674216889,WMT MC P Hol 2026 Wonder Ornament $100,20,IMAGE_PRESENT,178.41,82.66
A,1,2,10,WMT MC P Holiday 2026 Wonder Gift $25,16891,019674216891,WMT MC P Holiday 2026 Wonder Gift $25,20,IMAGE_PRESENT,161.12,84.39
A,1,3,2,OUTBACK $50MP VA,16329,019674216329,OUTBACK $50MP VA,10,IMAGE_PRESENT,218.64,67.78
A,1,3,3,KFC VGC VA,16660,019674216660,PIZZA HUT $50MP VA,10,IMAGE_PRESENT,174.17,88.58
A,1,3,4,BON DOMINO'S $45 FOR $40 MD,10945,019674210945,DOMINO'S $45 FOR $40 MD,30,IMAGE_PRESENT,143.43,82.01
A,1,3,5,NUS PANERA $25; GET FREE BAGEL (IPP) $4.00 VA,10582,019674210582,PANERA $25; GET FREE BAGEL (IPP) $4.00 VA,30,IMAGE_PRESENT,115.15,87.44
A,1,3,6,DOOR DASH VGC ($15- V $200) GWP VA,12286,019674212286,DOOR DASH VGC ($15-$200) GWP VA,10,IMAGE_PRESENT,206.24,81.8
A,1,3,7,STARBUCKS VGC VA 2026,16661,019674216661,STARBUCKS VGC VA 2026,30,IMAGE_PRESENT,221.44,60.92
A,1,4,0,CHICK FIL A VGC REG,09410,019674209410,CHICK FIL A VGC MD,30,IMAGE_PRESENT,239.55,39.25
A,1,4,1,PANERA VGC REG,10584,019674210584,PANERA VGC MD,30,IMAGE_PRESENT,161.65,90.41
A,1,4,2,APPLEBEES VGC PROMO MD,10596,019674210596,APPLEBEES VGC PROMO MD,30,IMAGE_PRESENT,103.52,72.78
A,1,4,3,CHILI'S CHOICE VGC REG,14777,019674214777,CHILI'S CHOICE VGC REG,30,IMAGE_PRESENT,109.13,96.3
A,1,4,4,DARDEN UNIVERSAL VGC REG,16364,019674216364,DARDEN UNIVERSAL VGC REG,20,IMAGE_PRESENT,182.45,88.13
A,1,4,5,OLIVE GARDEN VGC MD,11471,019674211471,OLIVE GARDEN VGC MD,20,IMAGE_PRESENT,202.51,66.02
A,1,4,6,BLOOMIN BRANDS VGC REG,10446,019674210446,BLOOMIN BRANDS VGC MD,30,IMAGE_PRESENT,183.82,83.15
A,1,4,7,CRACKER BARREL VGC MD,10571,019674210571,CRACKER BARREL VGC MD,30,IMAGE_PRESENT,173.37,81.39
A,1,4,8,BUFFAL OWILD WINGS VGC REG,11244,019674211244,BUFFAL OWILD WINGS VGC MD,20,IMAGE_PRESENT,167.27,79.77
A,1,4,9,SUBWAY VGC REG,10779,019674210779,SUBWAY VGC MD,30,IMAGE_PRESENT,185.61,66.3
A,1,5,0,CHICK FIL A VGC REG,09410,019674209410,CHICK FIL A VGC MD,30,IMAGE_PRESENT,239.9,38.65
A,1,5,1,PANERA VGC REG,10584,019674210584,PANERA VGC MD,30,IMAGE_PRESENT,161.34,91.01
A,1,5,2,APPLEBEES VGC PROMO MD,10596,019674210596,APPLEBEES VGC PROMO MD,30,IMAGE_PRESENT,104.32,73.05
A,1,5,3,CHILI'S VGC REG,14781,019674214781,CHILI'S VGC REG,30,IMAGE_PRESENT,78.1,75.75
A,1,5,4,DARDEN UNIVERSAL VGC REG,16364,019674216364,DARDEN UNIVERSAL VGC REG,20,IMAGE_PRESENT,178.05,89.8
A,1,5,5,OLIVE GARDEN $25 MD,11469,019674211469,OLIVE GARDEN $25 MD,20,IMAGE_PRESENT,190.08,71.96
A,1,5,6,BLOOMIN BRANDS $50 REG,10453,019674210453,BLOOMIN BRANDS $50 MD,30,IMAGE_PRESENT,199.46,76.82
A,1,5,7,CRACKER BARREL VGC MD,10571,019674210571,CRACKER BARREL VGC MD,30,IMAGE_PRESENT,179.01,82.53
A,1,5,8,BUFFAL OWILD WINGS VGC REG,11244,019674211244,BUFFAL OWILD WINGS VGC MD,20,IMAGE_PRESENT,167.03,79.58
A,1,5,9,SUBWAY $15 REG,10776,019674210776,SUBWAY $15 REG,30,IMAGE_PRESENT,157.92,86.06
A,1,6,0,CHICK FIL A VGC REG,09410,019674209410,CHICK FIL A VGC MD,30,IMAGE_PRESENT,240.01,38.36
A,1,6,1,CHEESECAKEF ACTORYVGC REG,10994,019674210994,CHEESECAKEFACTORYVGC MD,20,IMAGE_PRESENT,188.96,70.37
A,1,6,2,APPLEBEES VGC PROMO MD,10596,019674210596,APPLEBEES VGC PROMO MD,30,IMAGE_PRESENT,122.53,75.22
A,1,6,3,CHILI'S $25 REG,14778,019674214778,CHILI'S $25 REG,30,IMAGE_PRESENT,79.31,75.98
A,1,6,4,DARDEN $25 MD,11474,019674211474,DARDEN $25 MD,20,IMAGE_PRESENT,187.17,88.15
A,1,6,5,OLIVE GARDEN $50 MD,11470,019674211470,OLIVE GARDEN $50 MD,20,IMAGE_PRESENT,199.54,64.79
A,1,6,6,OUTBACK VGC REG,10449,019674210449,OUTBACK VGC MD,30,IMAGE_PRESENT,173.44,87.91
A,1,6,7,CRACKER BARREL $25 REG,10569,019674210569,CRACKER BARREL $25 MD,30,IMAGE_PRESENT,156.77,85.84
A,1,6,8,IHOP VGC PROMO MD,10588,019674210588,IHOP VGC PROMO MD,30,IMAGE_PRESENT,172.99,77.35
A,1,6,9,SUBWAY $25 REG,10778,019674210778,SUBWAY $25 MD,30,IMAGE_PRESENT,155.64,70.58
A,1,7,0,POPEYE'S VGC $15- $250 REG,11026,019674211026,POPEYE'S VGC $15-$250 MD,30,IMAGE_PRESENT,224.6,49.62
A,1,7,1,COLD STONE MP MD HOLIDAY,10787,019674210787,COLD STONE MP MD HOLIDAY,10,IMAGE_PRESENT,162.7,78.78
A,1,7,2,ZAXBYS VGC S HOLIDAY,07303,019674207303,ZAXBYS VGC HOLIDAY,20,IMAGE_PRESENT,169.39,83.54
A,1,7,3,SONIC VGC REG,11251,019674211251,SONIC VGC MD,20,IMAGE_PRESENT,166.81,70.85
A,1,7,4,DARDEN $50 MD,11475,019674211475,DARDEN $50 MD,20,IMAGE_PRESENT,195.05,75.14
A,1,7,5,RED LOBSTER VGC REG,11150,019674211150,RED LOBSTER VGC MD,30,IMAGE_PRESENT,122.48,99.5
A,1,7,6,OUTBACK $50 REG,10452,019674210452,OUTBACK $50 MD,30,IMAGE_PRESENT,172.87,92.48
A,1,7,7,GOLDEN CORRAL VGC REG,10854,019674210854,GOLDEN CORRAL VGC MD,20,IMAGE_PRESENT,182.97,72.11
A,1,7,8,JIMMY JOHNS VGC REG,11248,019674211248,JIMMY JOHNS VGC MD,20,IMAGE_PRESENT,145.85,93.65
A,1,7,9,DOMINOS VGC REG,10624,019674210624,DOMINOS VGC MD,30,IMAGE_PRESENT,162.85,90.44
A,1,8,0,CHIPOTLE VGC REG,10648,019674210648,CHIPOTLE VGC MD,30,IMAGE_PRESENT,216.97,59.02
A,1,8,1,HARDEES VGC REG,11256,019674211256,HARDEES VGC MD,20,IMAGE_PRESENT,202.79,66.09
A,1,8,2,ZAXBYS VGC HOLIDAY,07303,019674207303,ZAXBYS VGC HOLIDAY,20,IMAGE_PRESENT,200.45,75.35
A,1,8,3,LONGHORN STEAKHOUSE VGC MD,11473,019674211473,LONGHORN STEAKHOUSE VGC MD,20,IMAGE_PRESENT,99.33,85.32
A,1,8,4,LONGHORN STEAKHOUSE $50 MD,11472,019674211472,LONGHORN STEAKHOUSE $50 MD,20,IMAGE_PRESENT,110.45,97.91
A,1,8,5,RED LOBSTER VGC REG,11150,019674211150,RED LOBSTER VGC MD,30,IMAGE_PRESENT,103.93,97.58
A,1,8,6,RED ROBIN VGC REG,11006,019674211006,RED ROBIN VGC MD,30,IMAGE_PRESENT,143.19,92.86
A,1,8,7,FIVE GUYS VGC REG,10726,019674210726,FIVE GUYS VGC MD,30,IMAGE_PRESENT,164.52,73.36
A,1,8,8,FIREHOUSE SUBS VGC REG,10310,019674210310,FIREHOUSE SUBS VGC MD,30,IMAGE_PRESENT,183.3,66.57
A,1,8,9,JERSEY MIKES VGC REG,10652,019674210652,JERSEY MIKES VGC MD,20,IMAGE_PRESENT,201.22,72.69
B,2,0,4,(10-500),36593,019594936593,APPLE VGC (10-500),20,IMAGE_PRESENT,237.44,38.32
B,2,0,5,AP3P6L5E9 $525,36595,019594936595,APPLE $25,20,IMAGE_PRESENT,238.54,34.67
B,2,0,6,VGGOCO RGELGE,09969,019674209969,GOOGLE VGC MD,30,IMAGE_PRESENT,233.35,44.89
B,2,0,7,VGC,16348,019674216348,ZIFT HOLIDAY VGC,20,IMAGE_PRESENT,160.14,45.7
B,2,1,0,Wonder Tree $50,16890,019674216890,WMT MC P Holiday 2026 Wonder Tree $50,20,IMAGE_PRESENT,135.54,59.68
B,2,1,1,e $20-500,16888,019674216888,WMT MC P Hol 2026 Striped Tree $20-500,20,IMAGE_PRESENT,110.48,57.9
B,2,1,9,Santa $25,16885,019674216885,WMT MC P Holiday 2026 Nice Santa $25,20,IMAGE_PRESENT,184.64,90.91
B,2,1,10,Snowman $50,16892,019674216892,WMT MC P Holiday 2026 Nice Snowman $50,20,IMAGE_PRESENT,180.79,91.32
B,2,2,4,APPLE $50,36596,019594936596,APPLE $50,20,IMAGE_PRESENT,238.58,35.32
B,2,2,5,APPLE $100,36597,019594936597,APPLE $100,20,IMAGE_PRESENT,237.67,36.44
B,2,2,6,GOOGLE $25 REG,09974,019674209974,GOOGLE $25 MD,30,IMAGE_PRESENT,231.6,46.62
B,2,2,7,ZIFT HOLIDAY $25,16346,019674216346,ZIFT HOLIDAY $25,20,IMAGE_PRESENT,112.93,60.44
B,2,3,0,$20-500,16896,019674216896,WMT VV P Hol 2026 Fancy Red $20-500,20,IMAGE_PRESENT,126.27,56.62
B,2,3,1,Wreath $20,16886,019674216886,WMT MC P Hol 2026 Striped Wreath $20-500,20,IMAGE_PRESENT,205.6,56.88
B,2,3,9,$20-500,16896,019674216896,WMT VV P Hol 2026 Fancy Red $20-500,20,IMAGE_PRESENT,158.79,75.11
B,2,3,10,$20-500,16895,019674216895,WMT VV P Hol 2026 Fancy Green $20-500,20,IMAGE_PRESENT,126.21,81.8
B,2,4,4,DISNEY VGC REG,10902,019674210902,DISNEY VGC MD,20,IMAGE_PRESENT,204.71,75.23
B,2,4,5,DISNEY VGC REG,10902,019674210902,DISNEY VGC MD,20,IMAGE_PRESENT,203.96,75.48
B,2,4,6,GOOGLE $50 REG,09976,019674209976,GOOGLE $50 MD,30,IMAGE_PRESENT,232.64,46.55
B,2,4,7,ZIFT HOLIDAY $50,16347,019674216347,ZIFT HOLIDAY $50,20,IMAGE_PRESENT,115.26,55.79
B,2,5,0,Sa1n6t8a8 $525,16885,019674216885,WMT MC P Holiday 2026 Nice Santa $25,20,IMAGE_PRESENT,210.4,79.79
B,2,5,1,Sno$w5m0an,16892,019674216892,WMT MC P Holiday 2026 Nice Snowman $50,20,IMAGE_PRESENT,207.54,81.0
B,2,5,9,Wrea5t0h0 $20-,16886,019674216886,WMT MC P Hol 2026 Striped Wreath $20-500,20,IMAGE_PRESENT,225.66,55.97
B,2,5,10,,16888,019674216888,WMT MC P Hol 2026 Striped Tree $20-500,20,IMAGE_PRESENT,192.02,81.02
B,2,6,3,AMC $30 VA HOLIDAY,10812,019674210812,AMC $30 VA HOLIDAY,30,IMAGE_PRESENT,188.26,84.71
B,2,6,4,RED LOBSTER $100 VA,16587,019674216587,RED LOBSTER $100 VA,20,IMAGE_PRESENT,151.42,78.66
B,2,6,6,NUS PANDA EXPRESS VGC VA,16316,019674216316,PANDA EXPRESS VGC VA,30,IMAGE_PRESENT,126.84,95.58
B,2,6,7,PIZZA HUT $50MP VA,16659,019674216659,KFC VGC VA,10,IMAGE_PRESENT,155.91,78.69
B,2,7,5,Value VA ZIFT A GIFT,12288,019674212288,"CHUCK E CHEESE $25;1,000 e-Tickets$10 Value VA",30,IMAGE_PRESENT,157.81,74.33
B,2,7,8,GWP VA ROBLOX,12248,019674212248,"Starbucks VGC ($25-$500), Gift Card Holder GWP VA",30,IMAGE_PRESENT,221.99,78.38
B,2,8,1,FL PLUSS $99.99,16548,019674216548,NFL PLUSS $99.99,30,IMAGE_PRESENT,214.41,59.15
B,2,8,2,FAVNGDCA RNEGGO,10128,019674210128,FANDANGO VGC MD,20,IMAGE_PRESENT,214.26,59.13
B,2,8,3,DISNEY + VGC REG,14703,019674214703,DISNEY + VGC REG,20,IMAGE_PRESENT,72.64,58.17
B,2,8,4,UBER VGC REG,09909,019674209909,UBER VGC MD,30,IMAGE_PRESENT,236.64,38.61
B,2,8,5,ZFIFOTR A Y GOIUFT (CORE) VGC,16172,019674216172,ZIFT (CORE) VGC,20,IMAGE_PRESENT,187.42,61.41
B,2,8,6,ZFIFOTR A Y GOIUFT (CORE) $25,16170,019674216170,ZIFT (CORE) $25,20,IMAGE_PRESENT,191.99,58.5
B,2,8,7,ZFIFOTR A Y GOIUFT (CORE) $50,16171,019674216171,ZIFT (CORE) $50,20,IMAGE_PRESENT,180.72,68.7
B,2,8,8,BLRAOCBKL VOGXC REG,10023,019674210023,ROBLOX BLACK VGC MD,30,IMAGE_PRESENT,91.81,82.7
B,2,8,9,CVAGRCL ('$S 1J5R-. $100) REG,11802,019674211802,CARL'S JR. VGC ($15-$100) MD,20,IMAGE_PRESENT,205.64,58.16
B,2,8,10,MCVDGOCN MADLDS,11156,019674211156,MCDONALDS VGC MD,30,IMAGE_PRESENT,227.82,44.1
B,2,9,1,OKEMON GO $25,08350,019674208350,POKEMON GO $25,20,IMAGE_PRESENT,183.32,55.18
B,2,9,2,D/F DINNER&MOV IE$50 REG,11593,019674211593,D/F DINNER&MOVIE$50 MD,20,IMAGE_PRESENT,175.6,53.52
B,2,9,3,HULU VGC REG,10913,019674210913,HULU VGC MD,20,IMAGE_PRESENT,172.14,70.03
B,2,9,4,DOOR DASH VGC REG,09989,019674209989,DOOR DASH VGC MD,30,IMAGE_PRESENT,235.1,44.73
B,2,9,5,META QUEST VGC REG,09997,019674209997,META QUEST VGC MD,20,IMAGE_PRESENT,233.45,38.63
B,2,9,6,PLAYSTATION VGC,13363,019674213363,PLAYSTATION VGC,30,IMAGE_PRESENT,135.12,67.82
B,2,9,7,XBOX VGC (10-250),04015,019674204015,XBOX VGC (10-250),30,IMAGE_PRESENT,134.97,55.75
B,2,9,8,ROBLOX BLACK VGC REG,10023,019674210023,ROBLOX BLACK VGC MD,30,IMAGE_PRESENT,82.78,83.21
B,2,9,9,TACO BELL VGC REG,11053,019674211053,TACO BELL VGC MD,30,IMAGE_PRESENT,148.59,68.75
B,2,9,10,MCDONALDS VGC MD,11156,019674211156,MCDONALDS VGC MD,30,IMAGE_PRESENT,229.53,43.65
B,2,10,1,OKEMON GO $25,08350,019674208350,POKEMON GO $25,20,IMAGE_PRESENT,98.05,88.32
B,2,10,2,AMC VGC REG,10635,019674210635,AMC VGC MD,30,IMAGE_PRESENT,90.34,83.48
B,2,10,3,NETFLIX VGC REG,09913,019674209913,NETFLIX VGC MD,20,IMAGE_PRESENT,56.19,55.55
B,2,10,4,AIRBNB VGC REG,09914,019674209914,AIRBNB VGC MD,20,IMAGE_PRESENT,223.65,51.81
B,2,10,5,FORTNITE VGC,11917,019674211917,FORTNITE VGC,20,IMAGE_PRESENT,128.82,59.61
B,2,10,6,PLAYSTATION $25 REG,10282,019674210282,PLAYSTATION $25 MD,30,IMAGE_PRESENT,117.77,43.16
B,2,10,7,XBOX VGC (10-250),04015,019674204015,XBOX VGC (10-250),30,IMAGE_PRESENT,134.47,55.41
B,2,10,8,ROBLOX BLACK $25 REG,10026,019674210026,ROBLOX BLACK $25 MD,30,IMAGE_PRESENT,106.75,94.71
B,2,10,9,Taco Bell $25 REG,10958,019674210958,Taco Bell $25 MD,30,IMAGE_PRESENT,165.13,76.87
B,2,10,10,MCDONALDS $25 HOLIDAY,11159,019674211159,MCDONALDS $25 HOLIDAY,30,IMAGE_PRESENT,42.68,75.94
B,2,11,1,TOP GOLF VGC REG,10092,019674210092,TOP GOLF VGC MD,30,IMAGE_PRESENT,98.39,88.22
B,2,11,2,AMC VGC REG,10635,019674210635,AMC VGC MD,30,IMAGE_PRESENT,90.95,83.45
B,2,11,3,WHAT A BURGER $15 MD,11964,019674211964,WHAT A BURGER $15 MD,30,IMAGE_PRESENT,128.2,28.52
B,2,11,4,NINTENDO $20 REG,10224,019674210224,NINTENDO $20 MD,20,IMAGE_PRESENT,145.11,78.44
B,2,11,5,FORTNITE VGC,11917,019674211917,FORTNITE VGC,20,IMAGE_PRESENT,128.76,59.19
B,2,11,6,PLAYSTATION $50 REG,10283,019674210283,PLAYSTATION $50 MD,30,IMAGE_PRESENT,129.93,49.13
B,2,11,7,XBOX $25,35577,079936635577,XBOX $25,30,IMAGE_PRESENT,62.71,49.44
B,2,11,8,ROBLOX BLACK $50 REG,10025,019674210025,ROBLOX BLACK $50 MD,30,IMAGE_PRESENT,106.84,91.82
B,2,11,9,ARBYS B VGC REG,11241,019674211241,ARBYS VGC MD,20,IMAGE_PRESENT,231.0,48.58
B,2,11,10,BURGER KING VGC REG,11033,019674211033,BURGER KING VGC MD,30,IMAGE_PRESENT,206.57,66.79
B,2,12,1,CHUCK E HEESE VGC REG,11027,019674211027,CHUCK E CHEESE VGC MD,30,IMAGE_PRESENT,86.09,107.27
B,2,12,2,REGAL CINEMAS VGC REG,11066,019674211066,REGAL CINEMAS VGC MD,30,IMAGE_PRESENT,60.87,95.16
B,2,12,3,LOGAN'S ROADHOUSE VGC,16454,019674216454,LOGAN'S ROADHOUSE VGC,30,IMAGE_PRESENT,179.25,81.62
B,2,12,4,NINTENDO $20 REG,10224,019674210224,NINTENDO $20 MD,20,IMAGE_PRESENT,147.71,79.28
B,2,12,5,FORTNITE $30,11914,019674211914,FORTNITE $30,20,IMAGE_PRESENT,131.18,61.04
B,2,12,6,PLAYSTATION $100 REG,10285,019674210285,PLAYSTATION $100 MD,30,IMAGE_PRESENT,122.19,49.02
B,2,12,7,XBOX $50,35580,079936635580,XBOX $50,30,IMAGE_PRESENT,77.14,58.51
B,2,12,8,DAIRY QUEEN VGC MD,10857,019674210857,DAIRY QUEEN VGC MD,20,IMAGE_PRESENT,204.21,71.77
B,2,12,9,ARBYS VGC REG,11241,019674211241,ARBYS VGC MD,20,IMAGE_PRESENT,231.64,48.48
B,2,12,10,WENDYS VGC HOLIDAY REG,11271,019674211271,WENDYS VGC HOLIDAY MD,30,IMAGE_PRESENT,241.86,29.67
C,3,0,0,WHMoTli dMaCy P WH 2026 St Wonder Tree $50 WMT VV P W,16890,019674216890,WMT MC P Holiday 2026 Wonder Tree $50,20,IMAGE_PRESENT,151.61,80.01
C,3,0,1,WHMolT 2 M02C6 P triped Tree $20-500 WMT VV P,16888,019674216888,WMT MC P Hol 2026 Striped Tree $20-500,20,IMAGE_PRESENT,169.59,82.8
C,3,0,3,ROATDEXHAOSUSE VGC REG TEXAS,10602,019674210602,TEXAS ROADHOUSE VGC MD,30,IMAGE_PRESENT,165.82,89.62
C,3,0,4,ROATDEXHAOSUSE $25 REG TEXAS,10603,019674210603,TEXAS ROADHOUSE $25 MD,30,IMAGE_PRESENT,154.57,84.85
C,3,0,5,STARBUCKS VGC REG STARBUCKS,11230,019674211230,STARBUCKS VGC MD,30,IMAGE_PRESENT,224.58,57.66
C,3,0,6,STARBUCKS $25 REG STARBUCKS,11227,019674211227,STARBUCKS $25 D82 MD,30,IMAGE_PRESENT,220.2,62.01
C,3,0,8,WHMoTli dMaCy P 2026 Nice Santa $25 WMT VV P,16885,019674216885,WMT MC P Holiday 2026 Nice Santa $25,20,IMAGE_PRESENT,168.8,94.07
C,3,0,9,WHMoTli dMaCy P 2026 Nice Snowman $50 WMT VV P,16892,019674216892,WMT MC P Holiday 2026 Nice Snowman $50,20,IMAGE_PRESENT,160.23,91.59
C,3,1,0,WMT VV P W Hol 2026 H Fancy Red Fa $20-500 WMT MC P W,16896,019674216896,WMT VV P Hol 2026 Fancy Red $20-500,20,IMAGE_PRESENT,159.66,69.78
C,3,1,1,WMT VV P Hol 2026 ancy Gold $20-500 WMT AMEX,16894,019674216894,WMT VV P Hol 2026 Fancy Gold $20-500,20,IMAGE_PRESENT,192.23,66.78
C,3,1,3,TEXAS ROADHOUSE VGC REG TEXAS,10602,019674210602,TEXAS ROADHOUSE VGC MD,30,IMAGE_PRESENT,165.02,90.13
C,3,1,4,TEXAS ROADHOUSE $50 REG TEXAS,10604,019674210604,TEXAS ROADHOUSE $50 MD,30,IMAGE_PRESENT,157.86,83.36
C,3,1,5,STARBUCKS VGC REG STARBUCKS,11230,019674211230,STARBUCKS VGC MD,30,IMAGE_PRESENT,224.66,56.67
C,3,1,6,STARBUCKS $25 REG STARBUCKS,11227,019674211227,STARBUCKS $25 D82 MD,30,IMAGE_PRESENT,220.57,61.64
C,3,1,8,WMT VV P Hol 2026 Fancy Gold $20-500 WMT MC P,16894,019674216894,WMT VV P Hol 2026 Fancy Gold $20-500,20,IMAGE_PRESENT,172.56,64.0
C,3,1,9,WMT VV P Hol 2026 Fancy Green $20-500 WMT MC P,16895,019674216895,WMT VV P Hol 2026 Fancy Green $20-500,20,IMAGE_PRESENT,135.03,81.61
C,3,2,0,WMT MC P W Hol 2026 H triped Gift Fa $20-500,16887,019674216887,WMT MC P Hol 2026 Striped Gift $20-500,20,IMAGE_PRESENT,188.15,78.37
C,3,2,1,WMT AMEX Hol 2026 ancy White $20-500,16893,019674216893,WMT AMEX Hol 2026 Fancy White $20-500,20,IMAGE_PRESENT,238.43,37.61
C,3,2,3,TEXAS ROADHOUSE VGC REG,10602,019674210602,TEXAS ROADHOUSE VGC MD,30,IMAGE_PRESENT,172.09,93.57
C,3,2,4,TEXAS ROADHOUSE $100 REG BON,10605,019674210605,TEXAS ROADHOUSE $100 MD,30,IMAGE_PRESENT,172.86,87.66
C,3,2,5,STARBUCKS $40 MP REG NUS,11237,019674211237,STARBUCKS $40 MP MD,9,IMAGE_PRESENT,221.88,59.11
C,3,2,6,STARBUCKS $50 REG,11228,019674211228,STARBUCKS $50 MD,30,IMAGE_PRESENT,213.14,66.72
C,3,2,8,WMT MC P Hol 2026 Wonder Ornament $100,16889,019674216889,WMT MC P Hol 2026 Wonder Ornament $100,20,IMAGE_PRESENT,186.19,85.24
C,3,2,9,WMT MC P Holiday 2026 Wonder Gift $25,16891,019674216891,WMT MC P Holiday 2026 Wonder Gift $25,20,IMAGE_PRESENT,182.69,82.7
C,3,3,2,OUTBACK $50MP VA,16329,019674216329,OUTBACK $50MP VA,10,IMAGE_PRESENT,201.69,75.64
C,3,3,3,KFC VGC VA,16660,019674216660,PIZZA HUT $50MP VA,10,IMAGE_PRESENT,166.75,87.01
C,3,3,4,BON DOMINO'S $45 FOR $40 MD,10945,019674210945,DOMINO'S $45 FOR $40 MD,30,IMAGE_PRESENT,136.01,73.14
C,3,3,5,NUS PANERA $25; GET FREE BAGEL (IPP) $4.00 VA,10582,019674210582,PANERA $25; GET FREE BAGEL (IPP) $4.00 VA,30,IMAGE_PRESENT,133.15,95.04
C,3,3,6,DOOR DASH S VGC ($15- VG $200) GWP VA,12286,019674212286,DOOR DASH VGC ($15-$200) GWP VA,10,IMAGE_PRESENT,212.6,77.97
C,3,3,7,STARBUCKS GC VA 2026,16661,019674216661,STARBUCKS VGC VA 2026,30,IMAGE_PRESENT,222.28,60.39
C,3,4,0,CHICK FIL A VGC REG,09410,019674209410,CHICK FIL A VGC MD,30,IMAGE_PRESENT,234.25,44.65
C,3,4,1,PANERA G VGC REG,10584,019674210584,PANERA VGC MD,30,IMAGE_PRESENT,151.56,88.29
C,3,4,2,APPLEBEES VGC PROMO MD,10596,019674210596,APPLEBEES VGC PROMO MD,30,IMAGE_PRESENT,99.57,69.89
C,3,4,3,CHILI'S CHOICE VGC REG,14777,019674214777,CHILI'S CHOICE VGC REG,30,IMAGE_PRESENT,112.74,97.34
C,3,4,4,DARDEN UNIVERSAL VGC REG,16364,019674216364,DARDEN UNIVERSAL VGC REG,20,IMAGE_PRESENT,169.55,88.05
C,3,4,5,OLIVE GARDEN VGC MD,11471,019674211471,OLIVE GARDEN VGC MD,20,IMAGE_PRESENT,217.27,52.92
C,3,4,6,BLOOMIN BRANDS VGC REG,10446,019674210446,BLOOMIN BRANDS VGC MD,30,IMAGE_PRESENT,181.2,83.67
C,3,4,7,CRACKER BARREL VGC MD,10571,019674210571,CRACKER BARREL VGC MD,30,IMAGE_PRESENT,172.14,80.74
C,3,4,8,BUFFAL OWILD WINGS VGC REG,11244,019674211244,BUFFAL OWILD WINGS VGC MD,20,IMAGE_PRESENT,152.23,78.58
C,3,4,9,SUBWAY VGC REG,10779,019674210779,SUBWAY VGC MD,30,IMAGE_PRESENT,197.13,49.03
C,3,5,0,CHICK FIL A VGC REG,09410,019674209410,CHICK FIL A VGC MD,30,IMAGE_PRESENT,234.7,44.03
C,3,5,1,PANERA G VGC REG,10584,019674210584,PANERA VGC MD,30,IMAGE_PRESENT,151.12,88.82
C,3,5,2,APPLEBEES VGC PROMO MD,10596,019674210596,APPLEBEES VGC PROMO MD,30,IMAGE_PRESENT,100.39,70.23
C,3,5,3,CHILI'S VGC REG,14781,019674214781,CHILI'S VGC REG,30,IMAGE_PRESENT,79.35,76.12
C,3,5,4,DARDEN UNIVERSAL VGC REG,16364,019674216364,DARDEN UNIVERSAL VGC REG,20,IMAGE_PRESENT,165.89,88.69
C,3,5,5,OLIVE GARDEN $25 MD,11469,019674211469,OLIVE GARDEN $25 MD,20,IMAGE_PRESENT,204.52,63.02
C,3,5,6,BLOOMIN BRANDS $50 REG,10453,019674210453,BLOOMIN BRANDS $50 MD,30,IMAGE_PRESENT,195.84,78.62
C,3,5,7,CRACKER BARREL VGC MD,10571,019674210571,CRACKER BARREL VGC MD,30,IMAGE_PRESENT,175.26,82.83
C,3,5,8,BUFFAL OWILD WINGS VGC REG,11244,019674211244,BUFFAL OWILD WINGS VGC MD,20,IMAGE_PRESENT,152.06,78.57
C,3,5,9,SUBWAY $15 REG,10776,019674210776,SUBWAY $15 REG,30,IMAGE_PRESENT,141.55,83.7
C,3,6,0,CHICK FIL A VGC REG,09410,019674209410,CHICK FIL A VGC MD,30,IMAGE_PRESENT,234.92,43.62
C,3,6,1,CHEESECAKEF G ACTORYVGC REG,10994,019674210994,CHEESECAKEFACTORYVGC MD,20,IMAGE_PRESENT,181.02,71.08
C,3,6,2,F APPLEBEES VGC PROMO MD,10596,019674210596,APPLEBEES VGC PROMO MD,30,IMAGE_PRESENT,115.0,72.72
C,3,6,3,CHILI'S $25 REG,14778,019674214778,CHILI'S $25 REG,30,IMAGE_PRESENT,80.44,76.44
C,3,6,4,DARDEN $25 MD,11474,019674211474,DARDEN $25 MD,20,IMAGE_PRESENT,180.97,85.97
C,3,6,5,OLIVE GARDEN $50 MD,11470,019674211470,OLIVE GARDEN $50 MD,20,IMAGE_PRESENT,209.15,60.83
C,3,6,6,OUTBACK VGC REG,10449,019674210449,OUTBACK VGC MD,30,IMAGE_PRESENT,170.6,88.12
C,3,6,7,CRACKER BARREL $25 REG,10569,019674210569,CRACKER BARREL $25 MD,30,IMAGE_PRESENT,155.61,84.41
C,3,6,8,IHOP VGC PROMO MD,10588,019674210588,IHOP VGC PROMO MD,30,IMAGE_PRESENT,173.69,65.83
C,3,6,9,SUBWAY $25 REG,10778,019674210778,SUBWAY $25 MD,30,IMAGE_PRESENT,132.59,70.31
C,3,7,0,POPEYE'S VGC $15- $250 REG,11026,019674211026,POPEYE'S VGC $15-$250 MD,30,IMAGE_PRESENT,219.53,51.4
C,3,7,1,COLD STONE MP MD HOLIDAY,10787,019674210787,COLD STONE MP MD HOLIDAY,10,IMAGE_PRESENT,158.12,78.93
C,3,7,2,ZAXBYS VGC HOLIDAY,07303,019674207303,ZAXBYS VGC HOLIDAY,20,IMAGE_PRESENT,173.84,83.86
C,3,7,3,SONIC VGC REG,11251,019674211251,SONIC VGC MD,20,IMAGE_PRESENT,168.22,69.36
C,3,7,4,DARDEN $50 MD,11475,019674211475,DARDEN $50 MD,20,IMAGE_PRESENT,182.97,77.58
C,3,7,5,RED LOBSTER VGC REG,11150,019674211150,RED LOBSTER VGC MD,30,IMAGE_PRESENT,129.7,105.8
C,3,7,6,OUTBACK $50 REG,10452,019674210452,OUTBACK $50 MD,30,IMAGE_PRESENT,173.12,90.25
C,3,7,7,GOLDEN CORRAL VGC REG,10854,019674210854,GOLDEN CORRAL VGC MD,20,IMAGE_PRESENT,180.44,68.72
C,3,7,8,JIMMY JOHNS VGC REG,11248,019674211248,JIMMY JOHNS VGC MD,20,IMAGE_PRESENT,140.17,102.61
C,3,7,9,DOMINOS VGC REG,10624,019674210624,DOMINOS VGC MD,30,IMAGE_PRESENT,146.23,82.86
C,3,8,0,CHIPOTLE VGC REG,10648,019674210648,CHIPOTLE VGC MD,30,IMAGE_PRESENT,206.8,64.19
C,3,8,1,E HARDEES VGC REG,11256,019674211256,HARDEES VGC MD,20,IMAGE_PRESENT,206.85,62.04
C,3,8,2,ZAXBYS VGC HOLIDAY,07303,019674207303,ZAXBYS VGC HOLIDAY,20,IMAGE_PRESENT,199.84,75.97
C,3,8,3,LONGHORN STEAKHOUSE VGC MD,11473,019674211473,LONGHORN STEAKHOUSE VGC MD,20,IMAGE_PRESENT,95.0,82.91
C,3,8,4,LONGHORN STEAKHOUSE $50 MD,11472,019674211472,LONGHORN STEAKHOUSE $50 MD,20,IMAGE_PRESENT,81.13,82.37
C,3,8,5,RED LOBSTER VGC REG,11150,019674211150,RED LOBSTER VGC MD,30,IMAGE_PRESENT,130.93,105.6
C,3,8,6,RED ROBIN VGC REG,11006,019674211006,RED ROBIN VGC MD,30,IMAGE_PRESENT,141.83,89.67
C,3,8,7,FIVE GUYS VGC REG,10726,019674210726,FIVE GUYS VGC MD,30,IMAGE_PRESENT,170.02,71.74
C,3,8,8,FIREHOUSE SUBS VGC REG,10310,019674210310,FIREHOUSE SUBS VGC MD,30,IMAGE_PRESENT,177.29,67.93
C,3,8,9,JERSEY MIKES VGC REG,10652,019674210652,JERSEY MIKES VGC MD,20,IMAGE_PRESENT,192.36,80.8
D,4,0,4,,36593,019594936593,APPLE VGC (10-500),20,IMAGE_PRESENT,229.52,55.05
D,4,0,5,,36595,019594936595,APPLE $25,20,IMAGE_PRESENT,228.4,57.54
D,4,0,6,VGC REG,09969,019674209969,GOOGLE VGC MD,30,IMAGE_PRESENT,208.91,77.5
D,4,0,7,,16348,019674216348,ZIFT HOLIDAY VGC,20,IMAGE_PRESENT,178.74,58.86
D,4,1,0,$50 WMT VV P,16890,019674216890,WMT MC P Holiday 2026 Wonder Tree $50,20,IMAGE_PRESENT,162.62,75.33
D,4,1,1,WMT MC,16888,019674216888,WMT MC P Hol 2026 Striped Tree $20-500,20,IMAGE_PRESENT,173.87,82.2
D,4,1,9,WMT VV P,16885,019674216885,WMT MC P Holiday 2026 Nice Santa $25,20,IMAGE_PRESENT,202.28,83.28
D,4,1,10,$50 P WMT VV P,16892,019674216892,WMT MC P Holiday 2026 Nice Snowman $50,20,IMAGE_PRESENT,180.22,92.04
D,4,2,4,APPLE $50,36596,019594936596,APPLE $50,20,IMAGE_PRESENT,231.93,52.01
D,4,2,5,APPLE $100,36597,019594936597,APPLE $100,20,IMAGE_PRESENT,231.56,51.91
D,4,2,6,GOOGLE $25 REG,09974,019674209974,GOOGLE $25 MD,30,IMAGE_PRESENT,218.88,64.53
D,4,2,7,ZIFT H$2O5LIDAY,16346,019674216346,ZIFT HOLIDAY $25,20,IMAGE_PRESENT,156.58,67.8
D,4,3,0,WMT MC P,16896,019674216896,WMT VV P Hol 2026 Fancy Red $20-500,20,IMAGE_PRESENT,130.97,83.06
D,4,3,1,15680086 WMT MC,16886,019674216886,WMT MC P Hol 2026 Striped Wreath $20-500,20,IMAGE_PRESENT,214.54,63.36
D,4,3,9,WMT MC P,16896,019674216896,WMT VV P Hol 2026 Fancy Red $20-500,20,IMAGE_PRESENT,196.48,77.31
D,4,3,10,P WMT MC P,16895,019674216895,WMT VV P Hol 2026 Fancy Green $20-500,20,IMAGE_PRESENT,156.48,94.31
D,4,4,0,Holiday 2026 Nice Santa $25,16885,019674216885,WMT MC P Holiday 2026 Nice Santa $25,20,IMAGE_PRESENT,175.06,92.44
D,4,4,1,Holiday 2026 Nic Snowma $50,16892,019674216892,WMT MC P Holiday 2026 Nice Snowman $50,20,IMAGE_PRESENT,179.61,91.31
D,4,4,4,VDGICSN REEYG,10902,019674210902,DISNEY VGC MD,20,IMAGE_PRESENT,190.83,89.3
D,4,4,5,VDGICSN REEYG BON,10902,019674210902,DISNEY VGC MD,20,IMAGE_PRESENT,185.33,90.86
D,4,4,6,G$5O0O RGELGE NUS,09976,019674209976,GOOGLE $50 MD,30,IMAGE_PRESENT,221.0,70.08
D,4,4,7,$50,16347,019674216347,ZIFT HOLIDAY $50,20,IMAGE_PRESENT,191.84,75.32
D,4,4,9,Hol 2026 Striped Wreath $20,16886,019674216886,WMT MC P Hol 2026 Striped Wreath $20-500,20,IMAGE_PRESENT,228.85,49.25
D,4,4,10,6 Hol 2026 Striped Tre 0- $20-500,16888,019674216888,WMT MC P Hol 2026 Striped Tree $20-500,20,IMAGE_PRESENT,179.23,82.45
D,4,5,3,AMC $30 VA HOLIDAY,10812,019674210812,AMC $30 VA HOLIDAY,30,IMAGE_PRESENT,175.72,87.29
D,4,5,4,RED LOBSTER $100 VA,16587,019674216587,RED LOBSTER $100 VA,20,IMAGE_PRESENT,142.7,78.54
D,4,5,6,NUS PANDA EXPRESS VGC VA,16316,019674216316,PANDA EXPRESS VGC VA,30,IMAGE_PRESENT,121.38,92.85
D,4,5,7,PIZZA HUT $50MP VA,16659,019674216659,KFC VGC VA,10,IMAGE_PRESENT,142.93,78.46
D,4,6,5,Value VA ZIFT A GIFT,12288,019674212288,"CHUCK E CHEESE $25;1,000 e-Tickets$10 Value VA",30,IMAGE_PRESENT,162.23,77.27
D,4,6,8,GWP VA ROBLOX,12248,019674212248,"Starbucks VGC ($25-$500), Gift Card Holder GWP VA",30,IMAGE_PRESENT,188.03,107.19
D,4,7,1,FL PLUSS $99.99,16548,019674216548,NFL PLUSS $99.99,30,IMAGE_PRESENT,201.35,82.65
D,4,7,2,FAVNGDCA RNEGGO,10128,019674210128,FANDANGO VGC MD,20,IMAGE_PRESENT,107.6,93.2
D,4,7,3,DISNEY + VGC REG,14703,019674214703,DISNEY + VGC REG,20,IMAGE_PRESENT,238.19,38.6
D,4,7,4,UBER VGC REG,09909,019674209909,UBER VGC MD,30,IMAGE_PRESENT,205.42,57.23
D,4,7,5,ZFIFOTR A Y GOIUFT (CORE) VGC,16172,019674216172,ZIFT (CORE) VGC,20,IMAGE_PRESENT,209.75,54.92
D,4,7,6,ZFIFOTR A Y GOIUFT (CORE) $25,16170,019674216170,ZIFT (CORE) $25,20,IMAGE_PRESENT,204.28,63.87
D,4,7,7,ZFIFOTR A Y GOIUFT (CORE) $50,16171,019674216171,ZIFT (CORE) $50,20,IMAGE_PRESENT,109.67,94.25
D,4,7,8,BLRAOCBKL VOGXC REG,10023,019674210023,ROBLOX BLACK VGC MD,30,IMAGE_PRESENT,121.79,98.82
D,4,7,9,CVAGRCL ('$S 1J5R-. M $100) REG,11802,019674211802,CARL'S JR. VGC ($15-$100) MD,20,IMAGE_PRESENT,216.2,54.37
D,4,7,10,MCVDGOCN MADLDS,11156,019674211156,MCDONALDS VGC MD,30,IMAGE_PRESENT,232.2,42.71
D,4,8,1,OKEMON GO $25 D,08350,019674208350,POKEMON GO $25,20,IMAGE_PRESENT,190.68,59.77
D,4,8,2,D/F DINNER&MOV IE$50 REG,11593,019674211593,D/F DINNER&MOVIE$50 MD,20,IMAGE_PRESENT,173.94,72.61
D,4,8,3,HULU VGC REG,10913,019674210913,HULU VGC MD,20,IMAGE_PRESENT,236.24,45.3
D,4,8,4,DOOR DASH VGC REG,09989,019674209989,DOOR DASH VGC MD,30,IMAGE_PRESENT,236.92,35.88
D,4,8,5,META QUEST VGC REG,09997,019674209997,META QUEST VGC MD,20,IMAGE_PRESENT,143.62,70.82
D,4,8,6,PLAYSTATION VGC,13363,019674213363,PLAYSTATION VGC,30,IMAGE_PRESENT,151.68,66.16
D,4,8,7,XBOX VGC (10-250),04015,019674204015,XBOX VGC (10-250),30,IMAGE_PRESENT,97.85,91.69
D,4,8,8,ROBLOX BLACK VGC REG,10023,019674210023,ROBLOX BLACK VGC MD,30,IMAGE_PRESENT,104.35,93.06
D,4,8,9,TACO BELL M VGC REG,11053,019674211053,TACO BELL VGC MD,30,IMAGE_PRESENT,168.7,74.06
D,4,8,10,MCDONALDS VGC MD,11156,019674211156,MCDONALDS VGC MD,30,IMAGE_PRESENT,232.98,41.93
D,4,9,1,OKEMON GO $25,08350,019674208350,POKEMON GO $25,20,IMAGE_PRESENT,112.55,93.58
D,4,9,2,AMC VGC REG,10635,019674210635,AMC VGC MD,30,IMAGE_PRESENT,95.42,88.96
D,4,9,3,NETFLIX VGC REG,09913,019674209913,NETFLIX VGC MD,20,IMAGE_PRESENT,220.24,54.13
D,4,9,4,AIRBNB VGC REG,09914,019674209914,AIRBNB VGC MD,20,IMAGE_PRESENT,139.03,68.4
D,4,9,5,FORTNITE VGC,11917,019674211917,FORTNITE VGC,20,IMAGE_PRESENT,127.99,56.16
D,4,9,6,PLAYSTATION $25 REG,10282,019674210282,PLAYSTATION $25 MD,30,IMAGE_PRESENT,151.15,65.81
D,4,9,7,XBOX VGC (10-250),04015,019674204015,XBOX VGC (10-250),30,IMAGE_PRESENT,117.94,101.39
D,4,9,8,ROBLOX BLACK $25 REG,10026,019674210026,ROBLOX BLACK $25 MD,30,IMAGE_PRESENT,122.12,100.9
D,4,9,9,Taco Bell M $25 REG $,10958,019674210958,Taco Bell $25 MD,30,IMAGE_PRESENT,154.19,88.89
D,4,9,10,MCDONALDS $25 HOLIDAY,11159,019674211159,MCDONALDS $25 HOLIDAY,30,IMAGE_PRESENT,83.99,108.28
D,4,10,1,OP GOLF VGC REG,10092,019674210092,TOP GOLF VGC MD,30,IMAGE_PRESENT,122.02,93.82
D,4,10,2,AMC VGC REG,10635,019674210635,AMC VGC MD,30,IMAGE_PRESENT,140.23,46.69
D,4,10,3,WHAT A BURGER $15 MD,11964,019674211964,WHAT A BURGER $15 MD,30,IMAGE_PRESENT,152.69,81.45
D,4,10,4,NINTENDO $20 REG,10224,019674210224,NINTENDO $20 MD,20,IMAGE_PRESENT,138.9,68.08
D,4,10,5,FORTNITE VGC,11917,019674211917,FORTNITE VGC,20,IMAGE_PRESENT,151.85,63.15
D,4,10,6,PLAYSTATION $50 REG,10283,019674210283,PLAYSTATION $50 MD,30,IMAGE_PRESENT,97.91,84.42
D,4,10,7,XBOX $25,35577,079936635577,XBOX $25,30,IMAGE_PRESENT,117.94,98.65
D,4,10,8,ROBLOX BLACK $50 REG,10025,019674210025,ROBLOX BLACK $50 MD,30,IMAGE_PRESENT,129.9,102.21
D,4,10,9,ARBYS B VGC REG,11241,019674211241,ARBYS VGC MD,20,IMAGE_PRESENT,232.2,48.92
D,4,10,10,BURGER KING VGC REG,11033,019674211033,BURGER KING VGC MD,30,IMAGE_PRESENT,212.6,67.2
D,4,11,1,CHUCK E HEESE VGC REG,11027,019674211027,CHUCK E CHEESE VGC MD,30,IMAGE_PRESENT,120.49,120.13
D,4,11,2,REGAL CINEMAS VGC REG,11066,019674211066,REGAL CINEMAS VGC MD,30,IMAGE_PRESENT,179.37,82.12
D,4,11,3,LOGAN'S ROADHOUSE VGC,16454,019674216454,LOGAN'S ROADHOUSE VGC,30,IMAGE_PRESENT,153.7,81.78
D,4,11,4,NINTENDO $20 REG,10224,019674210224,NINTENDO $20 MD,20,IMAGE_PRESENT,138.91,68.5
D,4,11,5,FORTNITE $30,11914,019674211914,FORTNITE $30,20,IMAGE_PRESENT,130.48,57.75
D,4,11,6,PLAYSTATION $100 REG,10285,019674210285,PLAYSTATION $100 MD,30,IMAGE_PRESENT,106.28,84.03
D,4,11,7,XBOX $50,35580,079936635580,XBOX $50,30,IMAGE_PRESENT,210.46,68.9
D,4,11,8,DAIRY QUEEN VGC MD,10857,019674210857,DAIRY QUEEN VGC MD,20,IMAGE_PRESENT,213.64,67.75
D,4,11,9,ARBYS W VGC REG H,11241,019674211241,ARBYS VGC MD,20,IMAGE_PRESENT,234.58,45.73
D,4,11,10,WENDYS VGC HOLIDAY REG,11271,019674211271,WENDYS VGC HOLIDAY MD,30,IMAGE_PRESENT,242.99,28.46
